seconds_elapsed,accelerometer_z,accelerometer_y,accelerometer_x,gravity_z,gravity_y,gravity_x,gyroscope_z,gyroscope_y,gyroscope_x,orientation_qz,orientation_qy,orientation_qx,orientation_qw,orientation_roll,orientation_pitch,orientation_yaw,magnetometer_z,magnetometer_y,magnetometer_x,compass_magneticBearing,network_type,network_isConnected,network_isInternetReachable,network_isWifiEnabled,network_isConnectionExpensive,network_ssid,network_bssid,network_strength,network_ipAddress,network_frequency,network_cellularGeneration,network_carrier,totalAcceleration_z,totalAcceleration_y,totalAcceleration_x,magnetometerUncalibrated_z,magnetometerUncalibrated_y,magnetometerUncalibrated_x,gyroscopeUncalibrated_z,gyroscopeUncalibrated_y,gyroscopeUncalibrated_x,accelerometerUncalibrated_z,accelerometerUncalibrated_y,accelerometerUncalibrated_x
0.0,-0.034040961602295285,-0.019174151512561365,-0.06441995262066484,8.731062519550324,4.446222251653671,0.014689961975091138,-0.06456140575464815,-0.04643546759616583,0.030182968196459114,-0.28114786073565484,-0.06126529932953417,0.22927559968084096,0.9297640390694142,0.017015547789924312,-0.4789423458278179,0.5914967425167561,-47.34656400680542,13.03031303882599,-20.47265706062317,57.47488655271415,,,,,,,,,,,,,8.686582839488983,4.426490795612335,-0.05249062818475068,-55.8154709815979,-3.1846876204013825,32.172188663482665,-0.06312453078571707,-0.050694531190674755,0.028565625310875475,8.686582839488983,4.426490795612335,-0.05249062818475068
1.0,-0.1038259399073927,0.1676559909725202,0.04428680224740638,8.547596298822082,4.745197551085218,0.5115003459671936,-0.05455210383999908,-0.08164777177948468,0.02483032149087527,-0.30359872408432537,-0.09108506017687297,0.22924234459895898,0.9201415812615121,-0.03235846658762876,-0.49773468032921897,0.6291655437781078,-44.82075157165527,11.335500411987304,-22.103625679016112,62.79402826933476,,,,,,,,,,,,,8.44329842954579,4.912388834622827,0.5553119078204773,-53.289002380371095,-4.880625190734864,30.54150115966797,-0.05311447966124604,-0.0858966581855375,0.02322933188464382,8.44329842954579,4.912388834622827,0.5553119078204773
2.0,0.10101504446820221,-0.033229254850405544,-0.10168153859330249,8.195650236279358,5.334677443784826,0.4558406378708634,0.020607475524622144,0.01247340698233422,0.040673038767029844,-0.3214301087108313,-0.11875344097029929,0.24558952815976798,0.9067281338514066,-0.06741908667426483,-0.5488616561188417,0.6623608580991334,-43.38450180053711,8.974500379562379,-24.60375114440918,69.97013123394846,none,false,false,false,,,,,,,,,8.296172441220751,5.300917905919692,0.3537544297766598,-51.85162727355957,-7.2420003128051755,28.038751106262207,0.022037744983190707,0.00822573505780276,0.0390594360765581,8.296172441220751,5.300917905919692,0.3537544297766598
3.0,0.0983105309601524,-0.11562987962446641,0.07229922104859725,8.21585343837738,5.304145555496216,0.23351631056284533,-0.10869924941565841,0.018167875157669187,0.0052195000369101765,-0.34347132593393326,-0.10778862021863461,0.2553712405264378,0.8969654804468155,-0.020676362313097343,-0.5609008061885834,0.7258203983306885,-43.99912666320801,8.511750297546387,-24.112501068115236,70.6665858784013,,,,,,,,,,,,,8.313727927207946,5.188063743114472,0.30562351507134733,-52.4677522277832,-7.705125331878662,28.528126182556154,-0.10723625021986663,0.013910874747671187,0.0035915008140727876,8.313727927207946,5.188063743114472,0.30562351507134733
4.0,-0.3098107675711314,-0.044022273379560634,0.09759940147199028,8.298059337279376,5.197353222790887,-0.03162309806793928,0.027102329156489347,0.023809068187998206,0.022829044057859803,-0.3477936115335016,-0.10217791138326421,0.2672693524874893,0.8927889466285706,0.004129162145831038,-0.580310291519352,0.7441818825170106,-44.51212684631348,7.504125280380249,-21.889500885009767,71.08828120843377,none,false,false,false,,,,,,,,,7.987760679394591,5.152854657640644,0.06597941249207247,-52.97962715148926,-8.712750358581543,30.754126091003418,0.028542034022108306,0.019560048621440052,0.02121274491461615,7.987760679394591,5.152854657640644,0.06597941249207247
5.0,0.1753673426825188,-0.08145446280547071,-0.06832285432485115,8.318287007948932,5.1503046400406784,-0.30364355989071307,-0.00999840767597597,-0.013931984908184876,-0.01178186256712412,-0.3311898091844484,-0.08662468618622013,0.26958535231795966,0.8999600848730873,0.026853745117299623,-0.573552104772306,0.7130586306254069,-45.42675178527832,6.858750314712524,-19.811250801086427,70.89718444892296,,,,,,,,,,,,,8.493153366388059,5.06833112707325,-0.3717647251198251,-53.896127166748045,-9.35737536430359,32.83200138092041,-0.008558701408807845,-0.018183700859035347,-0.013396813735073688,8.493153366388059,5.06833112707325,-0.3717647251198251
6.0,0.11146409969112955,0.03471307600341221,0.011853890158674024,7.933905979194264,5.7251256291228945,-0.29171935600772647,0.028484281078718678,0.011005445065364093,0.08933143456936768,-0.32172107106388204,-0.08871721793519388,0.29668614681404415,0.8945503742387979,0.03933623165703646,-0.6286084492607872,0.7030165673482536,-44.68537643432617,3.7901251673698426,-20.74312568664551,79.63078822705589,none,false,false,false,,,,,,,,,8.044886522954053,5.7593557244480245,-0.27962823179412155,-53.15325256347656,-12.425250549316406,31.899751625061036,0.02992326840942744,0.006752474560854163,0.08771819321180482,8.044886522954053,5.7593557244480245,-0.27962823179412155
7.0,-0.19910763509745033,-0.17475984188557978,-0.11187959768850465,7.803472000009873,5.9022034663780065,-0.279194254476084,0.039240073061128165,0.03686347962174492,-0.01745575953585406,-0.31421070969572257,-0.08914115747400359,0.3094753646383099,0.8928770288532856,0.044641697121893656,-0.6546822143535987,0.6919087276739233,-45.04725166320801,3.421125121116638,-20.223375816345214,80.21064884768518,,,,,,,,,,,,,7.603910689260445,5.7269429412542605,-0.3908029596741293,-53.516251983642576,-12.795000553131104,32.41912635803223,0.04068651995804234,0.032611764871570116,-0.01907071048923421,7.603910689260445,5.7269429412542605,-0.3908029596741293
8.0,0.0013651237315913238,-0.08967834900509068,0.08403113737038456,7.807373575644918,5.904182641813071,-0.18852107010154737,-0.01931806934056896,-9.162117828532021E-4,-0.03586299506726094,-0.31260340550158283,-0.08786087151211087,0.30787401004592974,0.8941836829232698,0.04446805534091326,-0.6504344007756451,0.6876237734709636,-45.407251815795895,2.956875138282776,-19.588500785827637,81.39883292556986,none,false,false,false,,,,,,,,,7.808284514021166,5.814031440432709,-0.10444158917790887,-53.87662719726563,-13.257000579833985,33.05587646484375,-0.017876361284663182,-0.005163737821697009,-0.03746943035633257,7.808284514021166,5.814031440432709,-0.10444158917790887
9.0,0.19039821134441914,0.08133211835543168,-0.032839501733142956,7.820008993148804,5.890774694143557,-0.10312563675346181,-0.0016634802324879989,0.0012577213483917363,0.007989828652866623,-0.31128009657065075,-0.09013586279516127,0.30120036064409744,0.8966906018116895,0.03220995846626751,-0.6389896969000498,0.6789222628462548,-45.10537651062012,2.667750095129013,-19.430250816345215,82.16239342503752,,,,,,,,,,,,,8.009897423725501,5.971657640793744,-0.13588677006134509,-53.572877197265626,-13.549500503540038,33.211126708984374,-2.1703415732903807E-4,-0.0030020839790357093,0.0063802698061016265,8.009897423725501,5.971657640793744,-0.13588677006134509
10.0,-0.10503072009189054,0.06254923539236187,0.12996663003228603,7.927934789657593,5.7443391132354735,-0.1842754200519994,-0.026508624618873,-0.021804750859737397,-0.00961812469176948,-0.31127125412225726,-0.08609828941524028,0.2963059908151627,0.8987116628885269,0.03652792015578598,-0.6263730400800704,0.6785895603895188,-45.89925163269043,3.0228751254081727,-19.681500816345213,81.29707069070669,none,false,false,false,,,,,,,,,7.81520684874884,5.793919582178097,-0.06027178282360777,-54.366377410888674,-13.193250579833984,32.959501571655274,-0.02506075083743781,-0.02605762451887131,-0.01122824992518872,7.822428412437439,5.806408777236938,-0.05430450059939176
11.0,-0.2470813567531021,-0.1702051467910482,-0.0055515485263301755,8.052894592285156,5.569302886140113,-0.1354838342990215,0.018927818520323318,-0.01743419147461799,0.013097549400602778,-0.3077133823843563,-0.0847432054579258,0.28373174719950733,0.9041352406436322,0.025877719846618016,-0.6007173710009631,0.6640522205362133,-45.05362632751465,3.5478751468658447,-19.225875778198244,79.51813456664092,,,,,,,,,,,,,7.805348919887169,5.398598797181073,-0.14084559395069293,-53.52000244140625,-12.666375560760498,33.418126525878904,0.020363480532907097,-0.02168590718807251,0.011473161894280244,7.805348919887169,5.398598797181073,-0.14084559395069293
12.0,0.13304010743625683,-0.11835328655520289,0.046948256207650786,8.06440272189603,5.5457179097846,-0.12799354371070715,-0.011552722884876894,-4.3428251243168766E-4,-0.052365717754726954,-0.297526096648509,-0.08161542476108759,0.2844644035443221,0.907574709689263,0.02565303009889771,-0.600421422188825,0.6415490850363628,-45.14925140380859,4.434000177383423,-19.062750854492187,76.90039172076501,none,false,false,false,,,,,,,,,8.196970222019914,5.426884426928983,-0.08103416269036508,-53.615252380371096,-11.781750392913818,33.58125160217285,-0.010117821851837457,-0.004687252555890839,-0.05398849034589706,8.196970222019914,5.426884426928983,-0.08103416269036508
13.0,0.17377269853308214,-0.02281929602060129,-0.056007540522271075,8.066697419858446,5.543368166568232,-0.15495495954254532,0.02594705976491027,0.03010575988731694,-0.001512499457663473,-0.29169119689978806,-0.07939836324429979,0.28659164730240316,0.9089983561459709,0.02777371322222547,-0.6033365241452759,0.6296936875464869,-45.31425163269043,4.317000169754028,-18.347250709533693,76.74983732443228,,,,,,,,,,,,,8.239975419698977,5.520095843894809,-0.21073824626521445,-53.784377365112306,-11.899125442504882,34.295626373291014,0.027396201037381794,0.025854043416021502,-0.0031301468181624717,8.239975419698977,5.520095843894809,-0.21073824626521445
14.0,-0.00695469732036685,0.06412525602275192,-0.001910190678911634,7.874412692419373,5.80558981281696,-0.3253432968769702,0.07084653444477532,0.02782264681496095,0.0851587863629776,-0.27447373032569883,-0.06670776952058077,0.30253433048725126,0.9100323748588562,0.05478113593533635,-0.6279812520742416,0.6035455161333084,-45.23587661743164,2.9996251177787783,-18.01762577056885,80.57914665914599,none,false,false,false,,,,,,,,,7.8669805573945,5.869215148510319,-0.32706981547416586,-53.70450233459473,-13.215000514984132,34.62787651062012,0.0734937497926876,0.022048124903813006,0.08354362368583679,7.8669805573945,5.869215148510319,-0.32706981547416586
15.0,-0.22260031238307848,-0.1607231167510298,-0.09525679521646131,7.803796394198549,5.900725000044879,-0.2997842241120274,-0.021614461050679285,0.023631127596851074,-0.018505882535714144,-0.26715940295481216,-0.06694966667861331,0.3143038448749804,0.9083967150426379,0.05823888193231588,-0.6521187535687989,0.5916887270469292,-46.18162673950195,3.4436251592636107,-19.949250831604004,80.21242636204143,,,,,,,,,,,,,7.580709218978882,5.739522326226328,-0.3948985485396549,-54.64912712097168,-12.77325044631958,32.693251304626465,-0.020180146817081406,0.01937806378940449,-0.02011678907928952,7.580709218978882,5.739522326226328,-0.3948985485396549
16.0,0.013104463881342718,-0.1081993535511417,0.055454702402400496,7.951760565880502,5.6963605880737305,-0.3432379714282469,-5.1733544372981135E-5,0.02623799454310153,-0.05840210393440015,-0.2738838718079104,-0.062120296872488344,0.2993410306401772,0.9117237447512032,0.06223110168582142,-0.6186763850769194,0.6034641938634439,-48.816001892089844,6.72600022315979,-25.832251091003418,75.67031534386062,none,false,false,false,,,,,,,,,7.964340988952334,5.587678472594459,-0.28758120055467185,-57.283502349853514,-9.488625326156615,26.811001014709472,0.002644125665538013,0.022317624972201883,-0.060741999591700735,7.964340988952334,5.587678472594459,-0.28758120055467185
17.0,0.21515049223842866,0.11901801033858575,0.002363213634702797,7.958936756732417,5.696779428743849,-0.1924345589162412,-0.0359656861526709,-0.038540440470016764,-0.0016998777887327415,-0.27599837032018926,-0.06955654930104227,0.2957423802684335,0.9117551323245553,0.04454542155030603,-0.6159495787293303,0.6019814178055408,-45.043501739501956,1.2993750545382499,-38.6718762588501,87.7924009995222,,,,,,,,,,,,,8.173625403759527,5.81532234771579,-0.18993383098631075,-53.511751861572264,-14.916750593185425,13.971000576019287,-0.03452193653941447,-0.04279889782215012,-0.003321568257924096,8.173625403759527,5.81532234771579,-0.18993383098631075
18.0,-0.11658153439512348,0.07655110990739253,0.16411723724870694,7.984655890134301,5.657898586575348,-0.23217158517016484,0.013515841335722126,-0.016706930916055594,0.007343316630524869,-0.2854585774464182,-0.07430319849512365,0.2898485746124003,0.9103412811118777,0.03662772007669221,-0.6068040097113883,0.6191298259366856,-31.893001289367675,1.0713750486820937,-28.86712619781494,87.87516728239532,none,false,false,false,,,,,,,,,7.879665389060974,5.7378767442703245,-0.072325502904132,-40.36200157165527,-15.144375648498535,23.774250869750976,0.014976608737528619,-0.020961263300021096,0.005732796814218902,7.86754048696839,5.733967077614057,-0.06795594329475471
19.0,-0.2953480325328807,-0.17819652975737757,-0.030896814421330597,8.122803697399064,5.463635860704908,-0.19062874463898147,-0.017048652571461657,-0.03432242625721676,0.001264461827482663,-0.28361239211232053,-0.07737247098018141,0.2818119207433626,0.9131510333687651,0.022276745844340206,-0.5928558397526834,0.6089989700738121,-31.630126228332518,9.171000384688377,-15.561000556945801,59.34283086537257,,,,,,,,,,,,,7.826948918548285,5.284951728932998,-0.22133089165093706,-40.09837631225586,-7.045500283241272,37.0818766784668,-0.015614337808288196,-0.03857548994140005,-3.545339283186431E-4,7.826948918548285,5.284951728932998,-0.22133089165093706
20.0,0.21477630232460798,-0.08222976901568473,0.08931605014717206,8.034095406532288,5.596488256454467,-0.11549185010371729,-0.019654249837622047,-0.002356749954633415,-0.00519612540025264,-0.282416510283947,-0.07996834933757782,0.28814823895692826,0.9113855785131455,0.020661753265885638,-0.6071124190092086,0.607414402961731,-43.229251556396484,11.798625469207764,-16.74562566757202,54.744384175156874,none,false,false,false,,,,,,,,,8.235236498388913,5.502444309763389,-0.02816287299046422,-51.699002532958986,-4.416000206470489,35.896501541137695,-0.018221499798819422,-0.006608249596320092,-0.006800750214606524,8.248378858566284,5.5137392520904545,-0.026014501564204692
21.0,0.09204683256764695,-0.021619237448070563,-0.062275470060972025,7.844841737373202,5.8519937384362315,-0.24255722449828787,0.00701519566606365,0.01778737636849138,0.03978602944727184,-0.2816682463767482,-0.07410120503867373,0.30240125399009854,0.9074172243183735,0.04436047117718879,-0.6319654887797785,0.6163660439790464,-44.487001495361326,5.817000212669373,-20.047500762939453,73.77718568570754,,,,,,,,,,,,,7.936395953683292,5.829894393098121,-0.304689720542371,-52.95375244140625,-10.399125423431396,32.59425121307373,0.008458945991507932,0.013532965133587519,0.03816298971536989,7.936395953683292,5.829894393098121,-0.304689720542371
22.0,-0.11835580688006807,0.07230829299971608,-0.03834864387454668,7.920433242722313,5.74968700597782,-0.2783793753899385,0.037202599356965266,-0.011967945115474781,-0.03267598972369981,-0.2900290297399653,-0.07480759372805605,0.2974707811775774,0.9064461954749456,0.04549912984326187,-0.6221080788291327,0.6339475069895829,-44.06175155639649,5.476875214576721,-23.124000701904297,76.70871169704489,none,false,false,false,,,,,,,,,7.801549406334905,5.821486897987895,-0.3164881346747279,-52.529252243041995,-10.73962537765503,29.52000114440918,0.03864975232114591,-0.01622499959856862,-0.03429603953799694,7.801549406334905,5.821486897987895,-0.3164881346747279
23.0,-0.12514243195947333,-0.18532497883208243,-0.05253404833595542,8.102827908946018,5.489707526038675,-0.04310393077777881,0.008878186189879974,0.021532230284612847,-0.031704534415849576,-0.2962747829801896,-0.08048287114384127,0.2774133229372548,0.9102196179184259,0.02159083947338456,-0.5857586983372184,0.6358799507804945,-45.44850173950195,8.03437536239624,-24.18300109863281,71.53862992100578,,,,,,,,,,,,,7.97717537131964,5.303875273349238,-0.09555735859070338,-53.9148770904541,-8.180625314712524,28.46100112915039,0.010319240455168719,0.017273774279244973,-0.03331948532814197,7.97717537131964,5.303875273349238,-0.09555735859070338
24.0,0.14295412622170872,-0.10145993147156027,0.019294437359889397,8.128877705866747,5.450856298503309,-0.21000251587766158,0.01172970293440146,0.05120037110190433,-0.023791583365585546,-0.28977031607439024,-0.07168910917964312,0.2813599319151132,0.9117809008843828,0.03883149923692172,-0.5881123348037796,0.627166224588262,-47.07187644958496,7.504500322341919,-21.339000816345216,70.50479596866691,none,false,false,false,,,,,,,,,8.271337523318753,5.348899265327076,-0.1905638711656084,-55.53937728881836,-8.712375354766845,31.30500141143799,0.013163243692442038,0.04695284642777083,-0.02540210343546944,8.271337523318753,5.348899265327076,-0.1905638711656084
25.0,0.09062439736033626,0.0801422359403588,-0.0037306464007854753,8.098298110213934,5.4934096570108455,-0.2655867724125867,-0.0024844363295272284,0.014122059034621891,0.011918013769329763,-0.2701508209985845,-0.0654878632037663,0.28490184452019485,0.9172750571194817,0.040754885777977166,-0.592066148332521,0.5852818214425853,-47.97375175476074,7.447875328063965,-18.782625732421874,68.423731566228,,,,,,,,,,,,,8.188447442709231,5.573004666496725,-0.26915736474535046,-56.44200241088867,-8.767875366210937,33.85912635803223,-0.0010393382661848091,0.009868994574336445,0.010293627691948238,8.188447442709231,5.573004666496725,-0.26915736474535046
26.0,-0.07964643978831902,0.14126787948684932,0.09474431473466724,8.147940102190073,5.4188254422480515,-0.2921374650662857,-0.03166039582194373,-0.052914355277535643,0.011894430813038408,-0.27890998862757543,-0.06285600010121223,0.28364665142380363,0.915114434048681,0.05193340708271112,-0.5877251672272635,0.607344648035446,-47.310751876831056,6.739125280380249,-17.965125770568847,69.32774859648401,none,false,false,false,,,,,,,,,8.067790498827943,5.559612130174543,-0.19720842677288422,-55.778627166748045,-9.475875358581543,34.67925178527832,-0.030209158584106676,-0.057163242725563224,0.010278465300060735,8.067790498827943,5.559612130174543,-0.19720842677288422
27.0,-0.24483181144494345,-0.19281491825092292,0.06046820656332534,8.164420758976656,5.39703641685785,-0.3513107650328939,-0.006656618254697498,0.012961395664651897,0.004839460557217107,-0.2774987419446309,-0.06560161753612406,0.2822622157195035,0.9158789421997818,0.04374196511401119,-0.5864744519486147,0.601539776021359,-46.47037643432617,5.841750249862671,-18.431625785827638,72.31275380781,,,,,,,,,,,,,7.919068023270252,5.203734047272626,-0.290720597936717,-54.939002227783206,-10.374750423431397,34.212001419067384,-0.0052209558266708075,0.008704289104606883,0.0032204659107853383,7.919068023270252,5.203734047272626,-0.290720597936717
28.0,0.0818017778600022,-0.1050077524280526,-0.06583352255090924,8.146790546946006,5.422235309487522,-0.2884918607472866,0.010489479689351698,-0.005019431698624745,-0.01506782117493377,-0.26594157030086707,-0.06289208982840623,0.2820007045670311,0.9195285227039073,0.04121569308941022,-0.5848967887387417,0.5754555316254644,-45.31200135827064,5.777625207901001,-18.979500786066055,74.2027626740607,none,false,false,false,,,,,,,,,8.228109270039171,5.31668494243433,-0.35413071166465776,-53.78137746810913,-10.438125381469726,33.66637641906738,0.011935271322727203,-0.009269677646605684,-0.01667698006615928,8.228109270039171,5.31668494243433,-0.35413071166465776
29.0,0.15657696778904281,-0.02353754665191267,0.026604841273807574,8.013332086450914,5.608755752152088,-0.36413584196684406,0.00920441189744309,0.0025720589830740995,-0.007793015060836778,-0.267975821798923,-0.06565127452360649,0.29353543034955565,0.9151983039051879,0.04530651746865581,-0.6095770638363034,0.5839358720124936,-46.34512664794922,4.716000165939331,-21.27562587738037,77.52725009718489,,,,,,,,,,,,,8.183685534071214,5.59024186417608,-0.33948565641012374,-54.812252349853516,-11.499750442504883,31.36687614440918,0.01140977693076181,-0.002389233425665315,-0.008795916370236048,8.169384208380007,5.584710572280136,-0.3373338362959889
30.0,0.027994208028632225,0.12062666673987808,-7.317491996074372E-4,8.064669042530626,5.520754087089312,-0.536081026003945,0.002703712704490022,0.01805197943167964,0.04996695477828974,-0.27801739874452647,-0.05581852469113794,0.29205720820049247,0.9132813050015138,0.07320459961596101,-0.5999641105680182,0.6135818037656274,-47.66887664794922,6.2415002250671385,-20.09737590789795,72.62006039589585,none,false,false,false,,,,,,,,,8.092192933110908,5.640858671452739,-0.5364921014424008,-56.13900245666504,-9.97312536239624,32.54812637329101,0.00415903468164477,0.013803093754087049,0.048359157540604915,8.092192933110908,5.640858671452739,-0.5364921014424008
31.0,-0.17846888860724136,-0.0793432337140628,-0.1019520005119928,8.036205259023928,5.568367411108578,-0.5456391840296633,0.043729043972002814,0.007536887510807491,-0.011431373158177617,-0.2782280626250248,-0.05426027483361609,0.29493612460061613,0.9123254500183404,0.07934072164489943,-0.6046474137726952,0.6167570013625949,-46.332376403808595,5.4986251974105835,-19.549875717163086,74.39391625789206,,,,,,,,,,,,,7.857256262910132,5.488529696184046,-0.6471720882874056,-54.802877273559574,-10.716375408172608,33.093376350402835,0.04517414150120435,0.00328247610698728,-0.0130530629014852,7.857256262910132,5.488529696184046,-0.6471720882874056
32.0,-0.14843621213920413,-0.17051852949080057,0.033848140090703964,8.082866268157959,5.5029310655593875,-0.522240938693285,-0.016035249968990684,0.028413000418804586,-0.050056874202564355,-0.2754989197850227,-0.05901260007172823,0.2927523788809776,0.913594719171524,0.06495998803526164,-0.6034804421663285,0.6058736348152161,-47.13037666320801,8.080125303268433,-21.041625747680666,68.92560187950485,none,false,false,false,,,,,,,,,7.946738984325145,5.329115617393267,-0.49843962839574063,-55.5993773651123,-8.136000337600708,31.599376602172853,-0.014612124618142843,0.024162875530309977,-0.05166699946392327,7.933915867805481,5.331906270980835,-0.4881135238194838
33.0,0.1506489061695688,-0.07296858286923345,-0.05366047097977214,8.033860632017547,5.562861264920702,-0.5343786353866259,0.005153553373198591,0.018945343093946576,-0.02759571071239371,-0.2729586278106652,-0.049959558884010595,0.29017354109708,0.9157670958369386,0.0809288854327272,-0.5928497530666053,0.6041501041720895,-49.70962753295898,9.712125396728515,-18.170250835418702,61.766670999990154,,,,,,,,,,,,,8.184059217864393,5.489382596576915,-0.5877515026596466,-58.178627014160156,-6.5032502555847165,34.472626266479494,0.006589215463392583,0.014693627690932914,-0.029207965194740716,8.184059217864393,5.489382596576915,-0.5877515026596466
34.0,0.18052318662989372,0.05707490283941083,0.03998599936455196,8.032788206549252,5.559292526806102,-0.6302551651994387,-0.002640808462256602,0.015799019490277358,0.011396323595488188,-0.2621613475355771,-0.04289463394791773,0.2933531011095141,0.9182303595070792,0.09090604765875505,-0.5959087681062151,0.5841925126491206,-49.91625244140625,8.570250282287597,-12.162000560760498,55.040508674037376,none,false,false,false,,,,,,,,,8.212785702125698,5.615820861330219,-0.5900103211101583,-58.384502182006834,-7.644375357627869,40.48200164794922,-0.001206495516075223,0.011545956107404302,0.009789461443456365,8.212785702125698,5.615820861330219,-0.5900103211101583
35.0,-0.12627237024578716,-0.03545959114954613,0.087312691964873,8.093200003746713,5.471168621931926,-0.6603480273544198,0.00933910853755061,-0.01656806989951004,-0.0030740103361630204,-0.25898836744893894,-0.041829148418094854,0.284894593871466,0.9218764694610445,0.08416035210732187,-0.5787356932564537,0.5727404332397008,-46.76325149536133,7.729125289916992,-11.727375507354736,56.08818880559046,,,,,,,,,,,,,7.966436504137398,5.4352220285056845,-0.5726510137135145,-55.23225227355957,-8.48737543106079,40.91737648010254,0.010778094083992856,-0.02082239975691727,-0.004687252140945137,7.966436504137398,5.4352220285056845,-0.5726510137135145
36.0,-0.17550842395034053,-0.15970201199624903,0.020797401232937097,8.221055404812683,5.2873062526478485,-0.5798236105371924,-0.007774141918429557,-0.006707843132864903,0.02761188750246576,-0.24769234467370838,-0.04098531395635184,0.2811577732072157,0.9260992559732175,0.0753598930131571,-0.5718244097980798,0.5447382190648247,-46.17337654113769,8.963625345230103,-13.881375503540038,56.95555177400821,none,false,false,false,,,,,,,,,8.045107757343965,5.127119356510686,-0.558758847798933,-54.64275238037109,-7.252125310897827,38.76112663269043,-0.005934282196777882,-0.009870049640499425,0.02955160776872446,8.045107757343965,5.127119356510686,-0.558758847798933
37.0,0.07151422206312417,-0.1393810883187689,-0.023920787484385073,8.20149049664488,5.313882823037629,-0.6056619881845937,-0.0464246278066225,-0.03292240034143376,-0.0374503718080497,-0.24920434191823004,-0.039739270005375145,0.28191075831651685,0.9254902780056,0.07980488352477551,-0.5724697345495224,0.5495598846673966,-46.60425148010254,8.711625270843506,-15.903750705718995,61.247045503652416,,,,,,,,,,,,,8.251604325700514,5.17444628536111,-0.6234683446346385,-55.07137756347656,-7.5030003356933594,36.73950149536133,-0.04384187591262162,-0.03613499965053052,-0.038317124475724995,8.271109867095948,5.1756602478027345,-0.6322725282888859
38.0,0.19131195959726385,0.032895233491253034,-0.02363587237492788,8.182463599186317,5.331015656976139,-0.6557852529427585,-0.0035992643896344246,-0.005038970378318838,-0.010695343508439906,-0.2712614997929218,-0.04608604914563544,0.2823794399406396,0.918906687521467,0.0817601023351445,-0.5752620556775261,0.5982980126259374,-46.52100135803223,8.067750310897827,-17.88412582397461,65.71392274777277,none,false,false,false,,,,,,,,,8.373260703741336,5.363404671351115,-0.6790603270352471,-54.9892520904541,-8.147625322341918,34.75800163269043,-0.002162255273730147,-0.009287990405972973,-0.012300858548020615,8.373260703741336,5.363404671351115,-0.6790603270352471
39.0,0.0342161488160491,0.09355088194832206,-0.03881151128560305,8.18505605376593,5.307767334550914,-0.792073017594838,0.05884047030554254,0.005091584043226915,-0.003864974862351866,-0.27497071981430055,-0.038767420053482056,0.2800468409061432,0.918698280453682,0.09820418320596218,-0.5657638543844223,0.6102103650569916,-46.670626373291014,8.614125328063965,-17.939250717163088,64.33035511282493,,,,,,,,,,,,,8.2162607778417,5.402092846313326,-0.8300124160936194,-55.14187744140625,-7.60237533569336,34.70250160217285,0.05909337455872446,0.0024777495721355083,-0.008284375094808638,8.21817337989807,5.402163274288178,-0.8269530393695459
40.0,-0.2193887163976244,-0.07644990481568646,-0.01593438141486224,8.284911782133813,5.194829113343182,-0.4795960307705636,-0.010729044146251445,-0.011062008780701196,0.024779657687188362,-0.2725716689053704,-0.049260284495996495,0.27024977551955803,0.9220007535289315,0.06651286510568039,-0.5530079106489817,0.5938216845194498,-46.765501480102536,10.008000373840332,-19.030125999450682,62.274969432018,none,false,false,false,,,,,,,,,8.065035675086227,5.11790463737413,-0.49524120061987026,-55.233002548217776,-6.208125228881836,33.61275131225586,-0.009309559083525456,-0.015313724644810837,0.023168749997721,8.065035675086227,5.11790463737413,-0.49524120061987026
41.0,-0.13546679266221304,-0.14314471959772676,-0.01011570541898139,8.248137776214298,5.240358687863491,-0.5621371967994636,0.025387129119348407,0.062144553454795685,-0.03382363834759534,-0.2755558318135762,-0.04951006930210803,0.2769064274754855,0.9187829718731417,0.07335916073015421,-0.5664723474200409,0.6041021382454599,-46.94737640380859,9.817500457763671,-18.39862581253052,61.66354822964618,,,,,,,,,,,,,8.112232052453674,5.096732906775899,-0.5720242793201515,-55.41675247192383,-6.398625249862671,34.24500144958496,0.02682066865099391,0.05789975200936493,-0.03544641137215318,8.112232052453674,5.096732906775899,-0.5720242793201515
42.0,0.13218340449327348,-0.005669048822977964,-0.018192949837219773,8.250418270335478,5.24169698416018,-0.563578813683753,-0.013942769262939692,-0.0052640927252451,-0.017396445135019867,-0.25909149018572825,-0.04076846121061666,0.2736431854028328,0.9252774960854474,0.07815182325886745,-0.5556850024298126,0.5683029732283424,-46.215376739501956,11.028375358581544,-15.12712553024292,53.939468792569386,none,false,false,false,,,,,,,,,8.382090147803812,5.235534067247428,-0.5815103200136447,-54.68100219726563,-5.187000203132629,37.515751647949216,-0.012497671500907517,-0.009515808420438393,-0.01900870047564454,8.382090147803812,5.235534067247428,-0.5815103200136447
43.0,0.1104544679424495,0.025247934970562116,0.017277463910972127,8.17562454525787,5.3397942014259865,-0.7192013184032818,-0.0048288368380232025,0.009473886041173546,0.023010148067433057,-0.26537956548209235,-0.0372317228281852,0.27805971332115703,0.922279160801727,0.09327057188395227,-0.5618806864955638,0.5872438945392571,-46.410751571655275,9.609375381469727,-15.912000694274901,58.85096290171903,,,,,,,,,,,,,8.28553851288144,5.364576502601699,-0.7016747855940962,-54.87487724304199,-6.6063752937316895,36.72937644958496,-0.003380322086597138,0.005226361938743013,0.02139146004499185,8.28553851288144,5.364576502601699,-0.7016747855940962
44.0,0.15850816212375374,-0.07301271660481672,0.0060376749766588795,8.184047834545959,5.317044949999042,-0.7872863160628899,-0.014316175890830802,0.021356985593835514,-0.0027836999700715146,-0.2594424342992259,-0.027843372394129925,0.28007162844433503,0.9237267334087222,0.11125640914428468,-0.560736309079563,0.5797848876784829,-47.73337661743164,8.973000373840332,-15.081375579833985,59.30028044484065,none,false,false,false,,,,,,,,,8.342084220811433,5.24354730867872,-0.7808926799608504,-56.20237739562988,-7.242375278472901,37.56037658691406,-0.012880514467171594,0.017099876983967775,-0.00439460711170207,8.342084220811433,5.24354730867872,-0.7808926799608504
45.0,-0.24506832559657568,0.002780730328937568,0.07150829561045485,8.29525094929308,5.150781758941046,-0.7447955564107045,-0.017541460208779218,-0.02702759795056859,0.015001113443533973,-0.2583198712603881,-0.030874297133471708,0.2734688977793892,0.9258760508924427,0.09878201760572962,-0.5497175407881784,0.5720132730975009,-47.5196265411377,9.28875033378601,-15.604500637054443,59.160945770804965,,,,,,,,,,,,,8.049671654654022,5.15307351622251,-0.6729178542068394,-55.9890022277832,-6.928125247955323,37.039126510620115,-0.016094306714390175,-0.03127103851702396,0.013385148880320906,8.049671654654022,5.15307351622251,-0.6729178542068394
46.0,-0.23071079047433302,-0.1422424541384566,0.0040651868592819895,8.320317516139909,5.098678663665173,-0.8262515778050703,-0.03294203506198292,-0.03083370090918798,-0.005878799562981608,-0.26963188163205687,-0.03353916678358527,0.2752584096263437,0.9220031283649743,0.10196499205103107,-0.5536400903673733,0.5979453506422978,-46.873876419067386,9.09037537574768,-16.17075071334839,60.61747682202056,none,false,false,false,,,,,,,,,8.089119495130053,4.955944362808676,-0.8218044511535588,-55.342127304077145,-7.124625263214111,36.47287658691406,-0.031507719933584914,-0.03508272051226859,-0.007493750014178017,8.089119495130053,4.955944362808676,-0.8218044511535588
47.0,0.14577089484781028,-0.09927835999289528,0.021990769845433532,8.391540641784667,4.960854249000549,-0.908242118358612,-0.0202345007751137,-0.012798499232158065,-0.052634999863803385,-0.27105644196271894,-0.02629606004804373,0.26536171019077304,0.9247460794448853,0.11061764262616634,-0.5295557749271392,0.6002554225921631,-45.77212646484375,11.212125434875489,-15.179625587463379,53.54439225114642,,,,,,,,,,,,,8.52258306918758,4.857561628417213,-0.8840450899915235,-54.23850242614746,-5.004375238418579,37.46512672424316,-0.018799000014550985,-0.017051375973969697,-0.05424787459429353,8.536809396743774,4.861087744235992,-0.8858850403316318
48.0,0.13423366603605888,0.01499846309204312,-0.053876801978285406,8.296441625146304,5.117581989250931,-0.9073894441712136,0.027467647558260783,0.01905453442504593,0.02832634710505897,-0.2719182053617403,-0.030019058699847435,0.27467168779934154,0.9216620168265175,0.11045793684966423,-0.550073631253897,0.6049256698757994,-43.36350158691406,10.475625381469726,-16.507125663757325,57.52470518514869,none,false,false,false,,,,,,,,,8.430166576422897,5.1320781918133,-0.9608971042668119,-51.828377151489256,-5.740125217437744,36.13612655639648,0.028916788931169054,0.014804166960803902,0.026710048979878716,8.430166576422897,5.1320781918133,-0.9608971042668119
49.0,0.12297054601482826,0.10804514129563134,-0.006820999390196683,8.266513328741093,5.134437839583595,-1.0518990802292776,0.05816930679069592,0.013797648038973313,-0.0603761134835163,-0.2627814538998179,-0.021431861592843982,0.2777245035856077,0.923589567146679,0.12556540302120814,-0.552013620881751,0.5901600169663382,-44.700751571655275,10.823625411987305,-17.756625747680665,58.65409064278711,,,,,,,,,,,,,8.388989514643603,5.242019058454154,-1.0582158959811867,-53.16787734985351,-5.393250222206116,34.885876693725585,0.05961509877447002,0.009546040220757817,-0.06198527197823814,8.388989514643603,5.242019058454154,-1.0582158959811867
50.0,-0.14254693211941963,-0.11829039023723453,-0.027705334855115737,8.361656450757794,4.985339856615253,-1.0374542270220963,-0.024892892469378078,0.01205147113468425,0.058606004059387776,-0.2576945406549117,-0.01429548041493285,0.2689444013670379,0.9278426824831495,0.13041779128651992,-0.5311021208763123,0.5773652821194892,-46.007626647949216,12.198750495910645,-15.771375694274901,52.23553628483715,none,false,false,false,,,,,,,,,8.218594504337684,4.866559063687044,-1.0647588719741679,-54.4766275024414,-4.017375173568726,36.87375129699707,-0.02346397035609127,0.007795710431630997,0.057004534429414014,8.218594504337684,4.866559063687044,-1.0647588719741679
51.0,-0.20160568793221276,-0.15254675206903479,0.04023776234745389,8.342652741045054,5.005685532447135,-1.0978199509110782,0.008440594262637125,0.01288143513115621,-0.014686633971067939,-0.2721964770024366,-0.015311505004652951,0.27442872140667224,0.9220369582128997,0.14183490088965633,-0.5403705428142359,0.6134917228528769,-45.846376495361326,11.543250408172607,-13.425750522613525,49.25119693608289,,,,,,,,,,,,,8.140536025018974,4.852604193262534,-1.0571703550654767,-54.31387725830078,-4.674000215530396,39.21900154113769,0.009883663557137889,0.00863391204303739,-0.01630123723113891,8.140536025018974,4.852604193262534,-1.0571703550654767
52.0,-0.05147853658041533,-0.07501986828249167,0.02101809795325001,8.247043978934194,5.173869203118717,-1.0248651492829417,-0.0026799016312568213,0.03262794133750539,0.007849631890398907,-0.25476929034088175,-0.01934245096601765,0.2847021724663529,0.9238056645673864,0.12993607611632815,-0.5657171484302072,0.5760660931175831,-44.27287673950195,10.719750385284424,-12.205500450134277,48.625533359057364,none,false,false,false,,,,,,,,,8.195073894425935,5.098329644577176,-1.003445640772435,-52.74037734985352,-5.4956252384185795,40.43925170898437,-0.0012415442615747452,0.028382964989206956,0.006241421055450451,8.195073894425935,5.098329644577176,-1.003445640772435
53.0,0.20974269412457944,0.06260852836538106,-8.627288206480443E-4,8.331423711776733,5.073424515724182,-0.8264651411771774,0.01990618831985215,-0.029787127163703783,-0.03854356316093466,-0.2556201408803463,-0.023927060225978493,0.272284038066864,0.9272500574588776,0.11107079565525055,-0.5436253499984741,0.5689980161190032,-43.83375160217285,12.36862554550171,-13.118250560760497,46.68170875278605,,,,,,,,,,,,,8.52187167063798,5.124643306921024,-0.822034193972808,-52.30200225830078,-3.8460001611709593,39.52237655639649,0.02136666648974172,-0.03470555501472619,-0.03896111153969259,8.540680885314941,5.135539736747742,-0.8269950356474146
54.0,0.0714120983081584,0.030521294452471308,-0.03520149327261318,8.390516696590009,4.9636196476398124,-0.9180513065640289,-0.020928589309021684,0.021369677539546005,0.009761138385770345,-0.2599629780650139,-0.021233900142833592,0.26666950970888137,0.927679436802864,0.11536497972905636,-0.5305233943462372,0.5778577709197998,-43.52550151824951,12.985500440597534,-12.128625478744507,43.03903574207227,none,false,false,false,,,,,,,,,8.481093009312948,5.000607598061655,-0.954010336769416,-51.99450218200683,-3.232500121593475,40.51425163269043,-0.019485519544249125,0.01712351371672484,0.008160148461413856,8.461430554342742,4.993642821170316,-0.9527822211200353
55.0,-0.13112006974544857,0.06946628700277888,0.14678016815353,8.340202662024167,5.0497702608014094,-0.8128845378904059,-0.021991832098822193,-0.1043502474342021,0.019071657980543257,-0.26249925585666506,-0.03295659412639124,0.26737682978705607,0.9263031748261782,0.0925115298221607,-0.5387185322176112,0.5777191047621245,-43.604251556396484,10.640625438690186,-12.98250044822693,50.38118486337241,,,,,,,,,,,,,8.208643478922324,5.118693797895224,-0.6658143844676785,-52.07212726593018,-5.576250238418579,39.6596265411377,-0.020556930272775418,-0.1086004938939494,0.01745977686109519,8.208643478922324,5.118693797895224,-0.6658143844676785
56.0,-0.1577582623553919,-0.24891526584385656,0.0181735502966844,8.41860349038068,4.995405323365155,-0.08740405839247008,-0.020186887268780495,-0.03062745104726477,0.01760269560869418,-0.28050900937295425,-0.0664013426970033,0.2541828921028212,0.9231050265770332,0.023219719615892743,-0.5312378751296624,0.5962971717703576,-42.909001388549804,9.514125385284423,-18.01987585067749,62.0605988052075,none,false,false,false,,,,,,,,,8.260335679147758,4.7459693282258275,-0.0692735351119921,-51.37612747192383,-6.701250257492066,34.621126861572264,-0.018736397286000496,-0.03487781772170873,0.015978309631749402,8.260335679147758,4.7459693282258275,-0.0692735351119921
57.0,-0.00768197182851779,-0.23586859095911955,-0.09343827758410872,8.34003471147896,5.120299150448035,-0.31851596013864153,-0.0017071773694588405,0.016706930242921456,-0.011076237596018185,-0.27785237295792836,-0.0626705342737755,0.2581878316284406,0.9230889288505705,0.03224127383333271,-0.5368823037289157,0.5935643929066045,-41.854501266479495,9.29850040435791,-19.39725070953369,64.40269558705286,,,,,,,,,,,,,8.331802391769862,4.883900717933579,-0.41178566040378983,-50.319752578735354,-6.916500301361084,33.24525165557861,-2.627477722961714E-4,0.012455321179868856,-0.012696286893938438,8.331802391769862,4.883900717933579,-0.41178566040378983
58.0,0.1474699266254902,-0.01619234505821677,0.08835689273352425,8.322030249763937,5.137388322867599,-0.4320615603150252,-0.010532230079429699,-0.026788234509819864,-0.015565808835055898,-0.2730652692855573,-0.0530127453088176,0.26501644300479515,0.9231277353623334,0.05481949679590031,-0.5449624622569365,0.5905376479906195,-42.591001434326174,10.48537540435791,-19.222125778198244,61.35024545235846,none,false,false,false,,,,,,,,,8.469041632670983,5.120704660228655,-0.34347207369465454,-51.05812713623047,-5.73037522315979,33.42000160217285,-0.009087132153046481,-0.031038601768623088,-0.01717941147987457,8.469041632670983,5.120704660228655,-0.34347207369465454
59.0,0.2578800277102112,0.011112019124597606,-0.02568846390499632,8.361360540484437,5.072660554753671,-0.4588767425848706,0.001742574284867485,0.018964110232779,0.0075570545251490455,-0.2866991593105958,-0.05437270275289469,0.257626465051481,0.9210572691247014,0.0551640501079878,-0.5302894658381396,0.6185102321133755,-43.79512641906738,9.253125286102295,-20.028375854492186,65.19530349660012,,,,,,,,,,,,,8.618743471579977,5.083253716478254,-0.484292102120079,-52.26487731933594,-6.962250299453736,32.61562648773193,0.003185644104966138,0.014715222789361925,0.005945172635746179,8.618743471579977,5.083253716478254,-0.484292102120079
60.0,-0.017674473424752552,-0.011774655614121287,-0.11899005728585454,8.327649537254782,5.124872193616979,-0.48867283330536354,0.050098529592265975,0.007526103790630312,-0.02317953319745321,-0.2797634969739353,-0.04780403944645442,0.26398048038576166,0.9216633777992398,0.069543325104842,-0.5392358677059996,0.6086393238282671,-45.51862648010254,9.753375396728515,-19.770375747680664,63.646348491389915,none,false,false,false,,,,,,,,,8.309528290056715,5.112594391785416,-0.6073309101310431,-53.98762741088867,-6.464250240325928,32.87437644958496,0.051540931335230376,0.0032730395175224426,-0.024791789483096377,8.309528290056715,5.112594391785416,-0.6073309101310431
61.0,-0.28012579325402137,-0.16361963037069482,-0.0018474288321662657,8.438525520929016,4.945712188682934,-0.4747999310493469,0.009467078225299864,0.023490718667312425,0.02305643509907445,-0.27873063353028626,-0.04384765298207208,0.256043931340227,0.9244033475913623,0.07113820351291411,-0.5211826014046622,0.6046714357810445,-45.15675163269043,11.174250431060791,-18.0956258392334,58.22387237294259,,,,,,,,,,,,,8.15794049631251,4.781579942986516,-0.47643418311335073,-53.62612716674805,-5.03962516784668,34.54650161743164,0.011449625622481108,0.018745374274440108,0.020007624067366125,8.15794049631251,4.781579942986516,-0.47643418311335073
62.0,0.001488186843583689,-0.12604664857887352,-0.021661649391913385,8.412592972859297,5.004842753457551,-0.2576390295888823,-0.026805759384753367,-0.009728798633623942,-0.01570061221718788,-0.27622979230219774,-0.05632354481385486,0.256868833362466,0.9243508063920653,0.04380100386420099,-0.5305471603233035,0.5926597861960383,-43.35112655639649,11.60325044631958,-17.963250617980957,57.13337741831752,none,false,false,false,,,,,,,,,8.414645957011803,4.876679649540022,-0.27735001183863656,-51.81712730407715,-4.611750187873841,34.678501739501954,-0.02408019697182987,-0.013317078292037886,-0.017197029503744722,8.414645957011803,4.876679649540022,-0.27735001183863656
63.0,0.14026972403128943,-0.0020423702366065746,0.0069215037430837454,8.317634657317518,5.149059066585466,-0.38656386180881264,0.01336176422716794,0.015691176225778227,-0.003961887119301394,-0.278787423582638,-0.05732500951225851,0.26476259821770237,0.9212994633936414,0.04913608662272785,-0.5466433377826915,0.6014178219963523,-44.20312652587891,9.756375427246093,-18.39112564086914,62.05463086242106,,,,,,,,,,,,,8.457394515766817,5.146492871583677,-0.37946619528035325,-52.67137733459472,-6.459750242233277,34.25325164794922,0.014804167084067184,0.011442157344016083,-0.005576838136595839,8.457394515766817,5.146492871583677,-0.37946619528035325
64.0,0.17011757954807566,0.017722653003759904,-0.02471396094389804,8.413445652121364,4.9996737536817495,-0.34347920809494387,-0.0342456686845289,-0.011095296176574608,-0.03615024794206614,-0.2848972247378661,-0.05300124753082153,0.2561337303112049,0.9220449056955847,0.05569662799191947,-0.5266393842083392,0.6143475735541617,-46.23787673950196,9.207750368118287,-19.22737590789795,64.3577601250988,none,false,false,false,,,,,,,,,8.583030129423236,5.016901731491089,-0.3679930832753382,-54.706502227783204,-7.009125270843506,33.41475143432617,-0.03279715265138167,-0.015353712755817883,-0.037766212588268344,8.583030129423236,5.016901731491089,-0.3679930832753382
65.0,-0.0823519875605901,-0.0316959883944661,0.06824662739196427,8.477817142710967,4.8759292761484785,-0.46192598888906194,-0.0019263482159551453,0.017405882861246082,0.009256986188976205,-0.2892167769810733,-0.05432189208473645,0.24851835446030485,0.9226344075857424,0.049921880019646064,-0.5123672450290007,0.6206414144413144,-47.661001663208005,9.980625381469727,-19.99050079345703,63.44570911346951,,,,,,,,,,,,,8.394975386413874,4.843711993273566,-0.39334708062347534,-56.127752456665036,-6.235875253677368,32.651626396179196,-4.852938958827187E-4,0.013155514689381509,0.007642034838414367,8.394975386413874,4.843711993273566,-0.39334708062347534
66.0,-0.09583499123342336,-0.08496867094188928,0.09550106888869778,8.581978854566518,4.691152723708956,-0.42203229702870815,0.0016826735210079369,-0.020698514937579928,0.016084776555031242,-0.2787591388821602,-0.04769245013594627,0.24411676093935966,0.9274446588754653,0.05425362154841423,-0.500111041367054,0.5977887797355652,-48.69825233459473,10.273125419616699,-18.309750747680663,60.62353176218683,none,false,false,false,,,,,,,,,8.469169701680098,4.60903537155378,-0.31965446927686136,-57.16612701416015,-5.94375020980835,34.33350143432617,0.004030124307610095,-0.02546087573748082,0.01591012601274997,8.469169701680098,4.60903537155378,-0.31965446927686136
67.0,-0.13968061850241878,-0.21641318440008178,-0.06926626155116394,8.526531116635192,4.793495762581919,-0.45938512580651863,-0.026157352132905348,-0.011227818205952644,0.004773406407741063,-0.27943283407127156,-0.048342147075078064,0.25176534100490455,0.9251914205504399,0.0589339627208663,-0.5154609306185853,0.6021634223414403,-47.090626602172854,9.305250358581542,-17.531625747680664,62.04651135082176,,,,,,,,,,,,,8.386406281415153,4.5765840376124665,-0.5283706175601658,-55.5596273803711,-6.912375297546387,35.11050163269043,-0.02472303911367906,-0.015476837923165922,0.00315441235479917,8.386406281415153,4.5765840376124665,-0.5283706175601658
68.0,0.17464404323110633,-0.12148591941499179,0.01869191182662023,8.433075489384112,4.954782764510353,-0.4345339290143018,0.034298762646826485,-0.007940964510498366,-0.037025618279297456,-0.2719655930995941,-0.05103058452800949,0.25358988979075214,0.9267422338523487,0.050155109513809186,-0.5209177815087951,0.5843586437772996,-46.414501724243166,10.128000392913819,-16.59675054550171,58.62164639434482,none,false,false,false,,,,,,,,,8.607189017947357,4.832768558275582,-0.4156455631911902,-54.88125213623047,-6.087750244140625,36.047251510620114,0.03573366250418643,-0.012192573495172334,-0.03864430753274424,8.607189017947357,4.832768558275582,-0.4156455631911902
69.0,0.17706717514232093,-0.12526152078427522,0.028868177394364394,8.440385930678424,4.941444004283232,-0.41766500004621987,-0.004871813954748944,-0.01194093233047455,0.0058329649242189,-0.2712912667615741,-0.05145148030829196,0.25497350345055264,0.9265981521092209,0.04962776569813928,-0.5241268341447792,0.5829299863647012,-46.25175132751465,9.158250350952148,-17.04225082397461,61.72872952489376,,,,,,,,,,,,,8.616909214094573,4.815676710184882,-0.3885029580434967,-54.71962753295898,-7.0571253204345705,35.601376342773435,-0.0034388488149453026,-0.016191299680583908,0.004226103219587137,8.616909214094573,4.815676710184882,-0.3885029580434967
70.0,0.12109586900782467,0.03240668238601693,-0.012732156822089068,8.426055379433206,4.972117202116712,-0.3621698416917041,0.009468441229719337,-0.023040098304131833,0.018028836273173296,-0.28584500203038204,-0.05874125759052758,0.25168758424201815,0.9226897789700197,0.04088580973981188,-0.5213637396250621,0.6117234082505254,-45.825751571655275,7.062000255584717,-20.223375625610352,70.61218509429918,none,false,false,false,,,,,,,,,8.546682593846086,5.003988350972091,-0.374636155470173,-54.29475234985352,-9.154125318527221,32.419876441955566,0.007110125035978854,-0.02771449984051287,0.012638999200426042,8.546682593846086,5.003988350972091,-0.374636155470173
71.0,-0.13257083344273268,-0.11145613892935216,-0.08106287089176475,8.446300317745397,4.937992095947266,-0.33943933843390667,0.04087659339055273,0.04707622610708224,0.012334558345815715,-0.27849904090166094,-0.05352432955056429,0.2493133209645748,0.9258554184436798,0.04574938521720469,-0.5138980281352997,0.5964221823215484,-46.176751708984376,7.785375356674194,-22.47525077819824,70.96811210775962,,,,,,,,,,,,,8.286845973893708,4.824410518010457,-0.41111178380236324,-54.64350227355957,-8.430000286102295,30.169500999450683,0.04380337476730347,0.04172162488102913,0.009806500072591007,8.286845973893708,4.824410518010457,-0.41111178380236324
72.0,-0.16258372597875867,-0.18336885883980017,0.07110753290281438,8.412796067719412,5.000996358323805,-0.36450901000511526,0.005132425825415862,0.035400123630493587,0.009759776142084658,-0.2672905898094177,-0.05095778975635767,0.259190512150526,0.9265420854091644,0.05118782997131348,-0.5325956153869629,0.5757189863920211,-46.00575149536133,9.389250354766846,-21.79200065612793,66.60387564883469,none,false,false,false,,,,,,,,,8.249698903300974,4.817124010312675,-0.29319803436093106,-54.475502471923825,-6.827625274658203,30.85087631225586,0.0068309999722987414,0.03083024905063212,0.007827874165959656,8.249698903300974,4.817124010312675,-0.29319803436093106
73.0,0.07889026082996832,-0.048367181239594326,-0.03420845432654208,8.405606534221384,5.0087985331469245,-0.3500574443231125,-0.0032319307078303087,6.017329696897823E-4,-0.02323750072702913,-0.2666562078612866,-0.050316940734882167,0.2598159118454055,0.9266405341648819,0.05260831978872861,-0.5333669445302227,0.5747569911550767,-47.26837677001953,12.594375476837158,-19.944750747680665,57.46015561428943,,,,,,,,,,,,,8.500198986016068,4.966420828127394,-0.39830737224067836,-55.737002487182615,-3.621000120639801,32.69887615203857,-0.0017983915127518743,-0.0036457921977680508,-0.024849381952518873,8.483973725007312,4.959949247907884,-0.38406239493316646
74.0,0.20635513357818128,-0.030242679635994137,-0.009352829987183214,8.288481788635254,5.201926636695862,-0.2521571994252736,0.014242249797098339,-0.004815250867977738,-0.010315250367857515,-0.2682552123069763,-0.05799318943172693,0.2709560084342957,0.9224794232845306,0.04540155690163374,-0.5600133597850799,0.5790483844280243,-46.72912658691406,10.976250419616699,-13.555125503540038,50.776428686567876,none,false,false,false,,,,,,,,,8.480589021550546,5.1663239970065575,-0.2559059567491312,-55.19700256347656,-5.2376251840591435,39.0881266784668,0.015683250431902707,-0.009070875192992389,-0.011929500536061823,8.49434440612793,5.171167736053467,-0.26136451644822956
75.0,0.08378364803159938,0.08589944913618121,-0.009746204970367984,8.400786540087532,5.021728875590306,-0.2911896945945188,-0.012752450797159006,0.0036302698164374803,-0.008698897299301974,-0.2683225989926095,-0.05712702936109375,0.25799480402002145,0.9262421458375221,0.037887029148930426,-0.5337158494135913,0.5743068778047374,-41.64150154113769,8.7446253490448,-13.857375507354737,57.224775590348756,,,,,,,,,,,,,8.484072437473372,5.107098757051954,-0.3007941288900945,-50.110127182006835,-7.472250318527221,38.78662666320801,-0.011301960321325882,-6.268390901751962E-4,-0.010324632475043045,8.484072437473372,5.107098757051954,-0.3007941288900945
76.0,-0.16802011723491814,-0.018710713077447202,0.053012722213337624,8.29007872496501,5.185453665138471,-0.42530703030084027,-0.04500470290163366,0.015325123840703232,0.05099752475277032,-0.26219423926702823,-0.052341594074917314,0.26772205988959513,0.9254746283635055,0.0513181586906609,-0.5504176386512152,0.5667302089162393,-40.79962623596192,9.265875368118285,-17.169375591278076,61.53558864297454,none,false,false,false,,,,,,,,,8.121592970177678,5.16623044958209,-0.3721351620400011,-49.265627517700196,-6.949500293731689,35.47462646484375,-0.043552103858109155,0.01108168331113192,0.04938292077346013,8.121592970177678,5.16623044958209,-0.3721351620400011
77.0,-0.18748172679368189,-0.163240487751204,0.001672293003032203,8.38276572788463,5.0382239678326775,-0.43211113649657834,0.0035116418958732894,-0.055969240025197174,-0.023341298012026383,-0.26945458966142993,-0.05261857851463206,0.2648582852938596,0.924220599380194,0.053088771745416465,-0.5444851096938638,0.5821437461703431,-42.98625160217285,8.970375366210938,-20.499000816345216,66.28223029039646,,,,,,,,,,,,,8.194750393138213,4.874466393508163,-0.4302573749138152,-51.45450210571289,-7.246500310897827,32.143501129150394,0.004959435567405878,-0.06022634773569949,-0.024949509390246344,8.194750393138213,4.874466393508163,-0.4302573749138152
78.0,0.0220792655646801,-0.09273743458092212,-0.01441327003063634,8.435688283183786,4.9550325374792115,-0.441561404528041,-0.010901980756754331,0.01521212876875802,-0.026835642902567836,-0.26813478022813797,-0.050638869628310205,0.26113636285066605,0.9258134883642196,0.05386123396456242,-0.5361056923866272,0.5786183053255081,-45.964126434326175,10.696875324249268,-20.763000717163084,62.728493585680454,none,false,false,false,,,,,,,,,8.462161333254068,4.867458643299519,-0.4540470526599796,-54.432752227783205,-5.517000169754028,31.87987636566162,-0.008151000533252954,0.013466750467196108,-0.029625749704428016,8.462161333254068,4.867458643299519,-0.4540470526599796
79.0,0.179874261886831,-0.06465417518755238,-0.08768384715550187,8.384129944969626,5.024775617262897,-0.5067166469114668,0.0036531872225596626,-0.014073529244199688,-0.014719240728071799,-0.28340043916421775,-0.050303284772763066,0.25967005041300084,0.9217286092393538,0.06325726364465321,-0.5320117000271293,0.6138328693661035,-46.916251754760744,10.44412540435791,-20.1393758392334,62.56537767492747,,,,,,,,,,,,,8.563525405584597,4.959591421426511,-0.594126495450516,-55.38300239562988,-5.771250267028808,32.50162616729736,0.005090196069110842,-0.018319852992563564,-0.016334191517100905,8.563525405584597,4.959591421426511,-0.594126495450516
80.0,0.15670619526933324,-0.007640269963015424,-0.08235058365770072,8.381057474872854,5.031792791763155,-0.5186811496346894,0.04330569251191498,0.02928886128737047,0.014363984194685622,-0.2779343060337671,-0.048947148467644606,0.2615088016384899,0.9228262700656853,0.06390202547063922,-0.5351721077862353,0.6025649716358373,-46.13700164794922,9.973125381469726,-19.445625877380373,62.83104816017274,none,false,false,false,,,,,,,,,8.537250410212149,5.023687379194959,-0.6007678545965343,-54.60675201416016,-6.243000249862671,33.19725166320801,0.04473378720444323,0.02503589085201816,0.012757549126918363,8.537250410212149,5.023687379194959,-0.6007678545965343
81.0,-0.17414134123599997,0.013102341543808328,-0.06085667593002904,8.394776699589748,5.006547722161985,-0.5338489019549361,0.011643014702142454,-0.0020773281233713906,0.018728307672027572,-0.2692585669311823,-0.04495714703465209,0.26214245400008035,0.9255394140879313,0.06735812766733122,-0.5346385982691073,0.584662232913223,-45.51487632751465,10.519125366210938,-18.774000816345215,60.70372167216128,,,,,,,,,,,,,8.220157716788497,5.019150236073663,-0.594385323498179,-53.98500244140625,-5.695875253677368,33.86925132751465,0.01308541650445584,-0.006322304202316731,0.01710661700196272,8.220157716788497,5.019150236073663,-0.594385323498179
82.0,-0.15832963401433264,-0.11080725657947288,0.032183388856673004,8.409916887188903,4.97871472103761,-0.60379625753601,-0.014003216408857025,0.01728824299695616,-0.005809035106091806,-0.27317233398409174,-0.042769247758211476,0.2640951213860276,0.9239015821183082,0.07600230081836776,-0.5368164541697739,0.5958960788084728,-45.18037666320801,9.959625434875488,-18.074625816345215,61.129855131006444,none,false,false,false,,,,,,,,,8.251088978040336,4.8674051785233,-0.5713604228884572,-53.64975219726563,-6.255375232696533,34.56862663269043,-0.010855624112300575,0.012097250455990433,-0.008882499681785703,8.251088978040336,4.8674051785233,-0.5713604228884572
83.0,0.05792538475646984,-0.16733218479317194,-0.05694960596441638,8.39347682279699,5.000744328779333,-0.557262392020693,0.007485662125891038,0.017489460602804433,-0.04500563772322208,-0.28309185569192846,-0.04776277451538572,0.26071735310788247,0.9215535480602115,0.06923012114038654,-0.5325183430138756,0.6149585714527205,-45.22312644958496,9.261375408172608,-18.81975086212158,63.851462687336195,,,,,,,,,,,,,8.450950407514386,4.832932558714175,-0.6138662066237599,-53.69175254821777,-6.955125288963318,33.82537635803223,0.008937499691348742,0.01323504870136579,-0.04662328365934538,8.450950407514386,4.832932558714175,-0.6138662066237599
84.0,0.26364446556804205,0.019279671911297754,-0.0131067989560047,8.50660224008088,4.814491286136136,-0.571401981138947,-0.03138131193244959,-0.006409407344342458,-0.008828589277766129,-0.2806356147964402,-0.042457990145476736,0.2507257755144988,0.9253786377387472,0.07116682868045156,-0.5095987570757913,0.6074214217686417,-45.301876602172854,11.542125453948975,-19.61625072479248,59.528079429571335,none,false,false,false,,,,,,,,,8.769771240725376,4.8333581438159,-0.5842351757616985,-53.769752197265625,-4.674750175476074,33.02812648773193,-0.029942325588389492,-0.01065556963186453,-0.01044319268076284,8.769771240725376,4.8333581438159,-0.5842351757616985
85.0,0.07852473687380553,0.012697597984224557,0.04716350833652541,8.358438822302487,5.072129967189071,-0.4948004844533925,-0.008631188920376325,0.005833539392540951,0.026699504183402452,-0.28276086886330404,-0.05029585131324164,0.2612742858357949,0.9214063776601659,0.06401343975621875,-0.5351908513815096,0.6130118216618453,-45.21150177001953,9.70837537765503,-19.827750701904296,63.84536031063511,,,,,,,,,,,,,8.408084210227518,5.075742873491025,-0.4489941407889858,-53.680502319335936,-6.508500261306763,32.814751358032225,-0.007188119261645445,0.0015764856332968367,0.025094429856295338,8.41918405211798,5.0828690363629025,-0.4453708149658719
86.0,-0.23384305718988826,-0.02351640832453671,0.0655459500010711,8.386624303194555,4.997507364443033,-0.679734484393998,0.01904443021181344,0.008953836276242048,0.06487821671872003,-0.28053109982226154,-0.047630950292148214,0.2659934617505215,0.9208743483713357,0.07181799470788182,-0.5430208580328686,0.6112984755251667,-44.841001434326174,9.413625383377076,-20.66962577819824,65.4533958771689,none,false,false,false,,,,,,,,,8.152259817217836,4.9735027185761105,-0.6139099285476795,-53.31075225830078,-6.801000242233276,31.973626441955567,0.020498391992347962,0.004699504837430645,0.06325680600239499,8.152259817217836,4.9735027185761105,-0.6139099285476795
87.0,-0.09526224768556216,-0.16096252904903582,0.0399297956632925,8.28505334667131,5.181997397366692,-0.5975474151326161,-0.016526960352362664,-0.05089791697523027,-0.04444215640736123,-0.2742833256131352,-0.04781537650540323,0.2711925739699071,0.9212384961619235,0.07133713324028666,-0.5539093666737622,0.599037765276314,-45.67200180053711,9.835500392913819,-19.825125579833983,63.61499501978511,,,,,,,,,,,,,8.189260688482547,5.020528183263891,-0.5572485590454045,-54.13987716674805,-6.3817502212524415,32.817751502990724,-0.017015965401868123,-0.05408923273518829,-0.048066460324617304,8.189260688482547,5.020528183263891,-0.5572485590454045
88.0,0.1933781501432561,-0.10232045184444598,0.024892672491871347,8.327026598381273,5.1289789845245055,-0.39774201962229033,-0.00730949976015836,-0.03467337542213499,-0.03648012551944703,-0.2782085125494485,-0.059367859002315636,0.2683514245230742,0.9202596671653517,0.04709265287965536,-0.5550375466394906,0.6005898665900182,-45.067876739501955,9.003375415802003,-20.48625072479248,66.26492347181569,none,false,false,false,,,,,,,,,8.4847414469955,5.011218035575187,-0.3832218029010709,-53.536877212524416,-7.213125276565552,32.15812644958496,-0.005680556202100383,-0.039343055789217804,-0.03897222180408661,8.519938237739332,5.026141123338179,-0.372519717241327
89.0,0.044584247005153815,-0.07195515742561981,-0.07266000007945753,8.379682882159363,5.060995779785455,-0.2132294515293895,0.007089338406883911,-0.0036167886528168237,0.005636151811546262,-0.2848476241616642,-0.06720475509178404,0.2601366012411959,0.9200173826778636,0.028613899707766798,-0.5434379583480311,0.6084801881921058,-45.15225128173828,9.598125324249267,-22.914375801086425,67.2892055948165,,,,,,,,,,,,,8.423791604883531,4.9885487649955005,-0.2857058955466046,-53.62087738037109,-6.618000297546387,29.728126029968262,0.008533087536217827,-0.007868505019110208,0.004019852622649541,8.423791604883531,4.9885487649955005,-0.2857058955466046
90.0,0.10758986116350427,0.185107926317655,-0.048656695809982276,8.734644609339098,4.412067597987605,-0.3459850494229399,0.05519681302008822,0.02280477925167218,-0.05505526941452248,-0.2989698017344755,-0.05330485291779041,0.22381668727771908,0.9258162355890461,0.03969919111798791,-0.4627788969699074,0.634150062121597,-47.21212669372559,13.711875610351562,-22.650000915527343,58.77019293041145,none,false,false,false,,,,,,,,,8.841715083402747,4.596735510171628,-0.3944720794976342,-55.67962745666504,-2.5035001063346862,29.992501220703126,0.05664595500474759,0.01855171503334799,-0.056667524618187956,8.841715083402747,4.596735510171628,-0.3944720794976342
91.0,-0.18180275555368108,-0.19001516730220305,-0.07578317026174304,8.605114880174693,4.663292006690903,-0.0031284942040404324,-0.00668440617639387,0.0034524749199131336,0.030316707456834836,-0.29553686156131254,-0.06567300940946777,0.2321633391156055,0.9241073845636727,0.018034771102074864,-0.48722670662521134,0.6236134271810551,-47.336251678466795,11.627250423431397,-21.68662570953369,61.83325990584864,,,,,,,,,,,,,8.422742461213971,4.4727952763585765,-0.07885842028046304,-55.803752212524415,-4.589625158309937,30.954751358032226,-0.00525222841355175,-8.004943351491843E-4,0.02870754880535573,8.422742461213971,4.4727952763585765,-0.07885842028046304
92.0,-0.02689937203384862,-0.08107875358880415,-0.02004577165658558,8.404568125219907,5.015986232196584,-0.22602636191660685,0.009199019247556435,0.03136078405705299,0.012431617205341658,-0.280016159952277,-0.06022701017779879,0.25591523620751827,0.9231677722222734,0.03735537494597311,-0.530854354990591,0.5992474591377939,-47.88750198364258,9.394500360488891,-20.374125747680665,65.2078770386344,none,false,false,false,,,,,,,,,8.382629791895548,4.946451715394562,-0.24881765523048885,-56.358002166748044,-6.822750291824341,32.26687641143799,0.009520172524164514,0.02878378635493688,0.007235767107715111,8.382629791895548,4.946451715394562,-0.24881765523048885
93.0,0.1794730693765796,0.11083064530745591,0.0057782802896777005,8.381214151288024,5.0604637967477935,-0.23899083207407507,-0.016324381431620016,0.001289233058174648,0.015368687777346608,-0.2773960684195603,-0.06093597021138314,0.2594936245148725,0.922907558408114,0.036645442754546606,-0.5384389492544798,0.5940343590065984,-47.332876663208005,9.104625368118286,-18.92812576293945,64.34144372475727,,,,,,,,,,,,,8.560184072740007,5.170832926684087,-0.23311040361900584,-55.80150215148926,-7.111875276565552,33.71212650299072,-0.014897648895177806,-0.002962376110919631,0.013755444999747348,8.560184072740007,5.170832926684087,-0.23311040361900584
94.0,-0.03933499757163596,0.07527215557523292,0.006775249143841096,8.333540112364526,5.135642776302263,-0.2409865397311674,-0.04875048952104122,-0.028043259720445846,-0.005522916148252347,-0.28972366245666353,-0.06121572328381019,0.2609418335527477,0.9186681798188994,0.045115974040167164,-0.541072702643895,0.623442819212923,-45.77887672424316,7.231500329971314,-19.951875801086427,69.89376457859737,none,false,false,false,,,,,,,,,8.28345187037599,5.212534058327768,-0.22968383429243283,-54.24750198364258,-8.984250373840332,32.691376304626466,-0.04654579184543673,-0.03127240082064625,-0.004634158137152985,8.28345187037599,5.212534058327768,-0.22968383429243283
95.0,-0.218807283530731,-0.15947707731387403,0.042598464452467934,8.351462463341138,5.100848967486089,-0.31063488029902525,0.009416708238607291,0.003927598790367051,0.019654330903535137,-0.2947173652672532,-0.0581612872826581,0.25444663338141865,0.9191854861703249,0.04982700206265591,-0.5260178204810265,0.6339608566595776,-46.54237663269043,7.786875286102295,-22.6466259765625,70.92889718919672,,,,,,,,,,,,,8.132106304168701,4.940832414249383,-0.267840605934547,-55.00950233459473,-8.428125371932984,29.995125999450682,0.010861138997617925,-3.2264807510494004E-4,0.018047896448965414,8.132106304168701,4.940832414249383,-0.267840605934547
96.0,-0.05234476914811952,-0.15146687376431608,-0.08164953030805633,8.473935847188912,4.898426350425272,-0.24466134249643587,0.002988602463886434,-0.023329165736761165,-0.022668627218580713,-0.28578098761100396,-0.059719970778507346,0.2465856669872415,0.9239806842570212,0.035096612830552744,-0.5118643583035937,0.6090898753381243,-48.54337715148926,9.664500360488892,-23.91750087738037,68.00272103122796,none,false,false,false,,,,,,,,,8.421090121362724,4.746492879063475,-0.32612795815529194,-57.01125221252441,-6.5527502536773685,28.72537609100342,0.0043183169512096605,-0.02575198036277353,-0.021718192476742337,8.421090121362724,4.746492879063475,-0.32612795815529194
97.0,0.1494293697224469,-0.031357309181648904,-0.01114870386779087,8.463813753411321,4.915289883566375,-0.2266154233712039,-0.03509653402529288,-0.03561249962260965,-0.015468069647282067,-0.29696343853922175,-0.0642275839748949,0.24800420899202327,0.9197582543486416,0.03356000802267601,-0.5172685455567766,0.6334792930300873,-47.85000160217285,9.149625358581543,-23.78737590789795,68.93285380497372,,,,,,,,,,,,,8.61271081584515,4.883404682178308,-0.23753763500619496,-56.315627365112306,-7.066875276565551,28.85625114440918,-0.03366027214555162,-0.039866831314998984,-0.017086756973536593,8.61271081584515,4.883404682178308,-0.23753763500619496
98.0,0.14576586945822426,-0.014382520727082794,-0.030238155560058943,8.42441182978013,4.986428424423816,-0.15872990140832924,0.029032720248306207,0.018802450631982555,0.013965686792325155,-0.3024381843267703,-0.06759119559736813,0.24699116644321703,0.9179514395255669,0.029196608715174793,-0.5171935558319092,0.6442835716640248,-46.11975173950195,8.90587540626526,-23.409000816345216,69.12287160088339,none,false,false,false,,,,,,,,,8.569623928444058,4.971548762975955,-0.18880882928622703,-54.58837730407715,-7.309875316619873,29.233501205444338,0.03046568650661,0.014550735055487238,0.012342647138033427,8.569623928444058,4.971548762975955,-0.18880882928622703
99.0,-0.07896809490157826,0.09313956290796989,-0.13296856499728885,8.520557431891413,4.820283054125191,-0.14078098117134139,0.041168316659323946,2.5594176835205297E-4,0.0025185652833321307,-0.3068168641317009,-0.06909099977352831,0.24155429669535985,0.9178690414617557,0.024549177331425767,-0.5074396463904051,0.6515722640670172,-43.67400161743164,8.65537540435791,-24.17775104522705,70.33069366209274,,,,,,,,,,,,,8.441106399687209,4.912939824680291,-0.2736371389064606,-52.142627258300784,-7.560750322341919,28.46400115966797,0.04260594119308608,-0.003997029828848225,9.012386654641959E-4,8.441106399687209,4.912939824680291,-0.2736371389064606
100.0,-0.2146654120080319,-0.2102907748513983,0.025014903775288488,8.41713238697426,4.996310224720076,-0.1451120104985403,-0.010340808584884393,0.034712009446914584,-0.008174509590710788,-0.3068482262246749,-0.07327996128622223,0.25202592228557547,0.9146925497288797,0.024007418429177693,-0.5307464056155261,0.6538765395388884,-43.39237663269043,8.988375282287597,-27.775501136779784,72.0837193285124,none,false,false,false,,,,,,,,,8.201894549762502,4.785470822278191,-0.11989706282631732,-51.85950210571289,-7.228500318527222,24.86925102233887,-0.008921323481070645,0.03045894539750674,-0.009788112326835593,8.201894549762502,4.785470822278191,-0.11989706282631732
101.0,0.2761895563637856,-0.10245792911673832,-0.06029757698721225,8.42158837837748,4.985703029254876,-0.2454548808238884,-0.03935631113772345,0.016426485488283456,0.008578093685578592,-0.3223364553829231,-0.07219468307967233,0.25121208936861245,0.909657075263486,0.03568165327795772,-0.5275897141730431,0.6909012015503232,-44.46937644958496,12.102375469207765,-29.232001266479493,67.51123348633469,,,,,,,,,,,,,8.69728704018168,4.8827630954213666,-0.3056777337436924,-52.938002319335936,-4.114875164031982,23.411625900268554,-0.037913241691075926,0.012170793082897025,0.006964851834691397,8.69728704018168,4.8827630954213666,-0.3056777337436924
102.0,-0.1368019170602601,0.052976901149925065,0.06035368499065311,8.655901460086598,4.539691768440545,-0.3073479411484418,-0.05053394659440599,-0.08011936338381002,-0.07830624873110768,-0.33812345272185756,-0.06685449004027189,0.24234140123806747,0.906196691826278,0.04805217697011197,-0.5065918196650112,0.7265827527233198,-45.12975135803222,15.14287561416626,-26.960626106262207,60.68963128904693,none,false,false,false,,,,,,,,,8.518604797475477,4.592157564911187,-0.246802949629651,-53.59725231170654,-1.0732500386238097,25.67962604522705,-0.049096936670442425,-0.08436703467832915,-0.07992120103125333,8.518604797475477,4.592157564911187,-0.246802949629651
103.0,0.25575225659075285,-0.3150626449515262,-0.1603790477421435,9.072768672820061,3.6410346877190376,-0.46612843738928916,0.12478124847515457,0.15746189448832265,-0.10489919287483057,-0.31548441802301713,-0.05142571008013141,0.21163898369958323,0.9232679240165218,0.04272989290315778,-0.437448283357005,0.6678679681593372,-44.49314658872543,19.75524268611785,-23.77621053880261,50.15496514900949,,,,,,,,,,,,,9.331495739164806,3.3332073177610124,-0.6289524102938318,-52.960284448439076,3.538306591972228,28.865928588374967,0.12622278168677323,0.15320826524628267,-0.10651592656429257,9.327970658579181,3.32551711028622,-0.6261943836335934
